Workbook

Sheet Staff Availability
B2: Saathi Sneha Care — Staff Availability
B3: Manually updated by front-desk staff. Mockup of current paper/Excel process.
A5: Staff ID | B5: Name | C5: Role | D5: Specialty | E5: Mon | F5: Tue | G5: Wed | H5: Thu | I5: Fri | J5: Sat | K5: Sun | L5: Contact Number | M5: Service Area | N5: Notes
A6: DR-01 | B6: Dr. Ramesh Iyer | C6: Doctor | D6: General physician | E6: 9:00 AM - 1:00 PM | F6: 9:00 AM - 1:00 PM | G6: 9:00 AM - 1:00 PM | H6: 9:00 AM - 1:00 PM | I6: 9:00 AM - 1:00 PM | J6: 9:00 AM - 12:00 PM | K6: Off | L6: +91 98xxxxxx01 | M6: Andheri, Bandra | N6: Prefers morning slots only
A7: DR-02 | B7: Dr. Priya Nair | C7: Doctor | D7: Geriatric care | E7: 2:00 PM - 6:00 PM | F7: 2:00 PM - 6:00 PM | G7: Off | H7: 2:00 PM - 6:00 PM | I7: 2:00 PM - 6:00 PM | J7: Off | K7: Off | L7: +91 98xxxxxx02 | M7: Powai, Ghatkopar
A8: NR-01 | B8: Nurse Anjali Fernandes | C8: Nurse | D8: General home care | E8: 8:00 AM - 4:00 PM | F8: 8:00 AM - 4:00 PM | G8: 8:00 AM - 4:00 PM | H8: 8:00 AM - 4:00 PM | I8: 8:00 AM - 4:00 PM | J8: 8:00 AM - 2:00 PM | K8: Off | L8: +91 98xxxxxx03 | M8: Andheri, Juhu
A9: NR-02 | B9: Nurse Sunita Rao | C9: Nurse | D9: Elderly / palliative care | E9: 9:00 AM - 5:00 PM | F9: 9:00 AM - 5:00 PM | G9: 9:00 AM - 5:00 PM | H9: Off | I9: 9:00 AM - 5:00 PM | J9: 9:00 AM - 5:00 PM | K9: Off | L9: +91 98xxxxxx04 | M9: Bandra, Khar | N9: Certified in wound care
A10: NR-03 | B10: Nurse Meera Joshi | C10: Nurse | D10: Post-natal / newborn care | E10: Off | F10: 10:00 AM - 6:00 PM | G10: 10:00 AM - 6:00 PM | H10: 10:00 AM - 6:00 PM | I10: 10:00 AM - 6:00 PM | J10: 10:00 AM - 6:00 PM | K10: Off | L10: +91 98xxxxxx05 | M10: Powai, Chembur | N10: On leave last week of month
B12: Legend: grey cell = not available that day. Edit availability cells directly.

Sheet Bookings Calendar
B2: Saathi Sneha Care — Bookings Calendar
B3: Current process: front desk fills this in by hand after a phone call. No automated conflict check yet.
A5: Booking ID | B5: Date | C5: Time Slot | D5: Patient Name | E5: Service Type | F5: Assigned Staff | G5: Staff Role | H5: Status | I5: Contact Number | J5: Address / Area | K5: Notes
A6: BK-101 | B6: 46286 | C6: 9:00 AM - 10:00 AM | D6: Mr. Suresh Patil | E6: General checkup | F6: Dr. Ramesh Iyer | G6: Doctor | H6: Confirmed | I6: +91 90xxxxxx11 | J6: Andheri West
A7: BK-102 | B7: 46286 | C7: 10:30 AM - 11:30 AM | D7: Mrs. Kavita Shah | E7: Elderly care visit | F7: Nurse Sunita Rao | G7: Nurse | H7: Confirmed | I7: +91 90xxxxxx12 | J7: Bandra East | K7: Dressing change
A8: BK-103 | B8: 46287 | C8: 2:00 PM - 3:00 PM | D8: Baby of Mrs. Sneha Rao | E8: Post-natal check | F8: Nurse Meera Joshi | G8: Nurse | H8: Pending | I8: +91 90xxxxxx13 | J8: Powai | K8: Family to confirm timing
A9: BK-104 | B9: 46287 | C9: 3:00 PM - 4:00 PM | D9: Mr. Vinod Kulkarni | E9: Geriatric consult | F9: Dr. Priya Nair | G9: Doctor | H9: Confirmed | I9: +91 90xxxxxx14 | J9: Ghatkopar
A10: BK-105 | B10: 46288 | C10: 9:30 AM - 10:30 AM | D10: Mrs. Leela Menon | E10: General home care | F10: Nurse Anjali Fernandes | G10: Nurse | H10: Confirmed | I10: +91 90xxxxxx15 | J10: Juhu
A11: BK-106 | B11: 46288 | C11: 11:00 AM - 12:00 PM | D11: Mr. Suresh Patil | E11: Follow-up checkup | F11: Dr. Ramesh Iyer | G11: Doctor | H11: Cancelled | I11: +91 90xxxxxx11 | J11: Andheri West | K11: Patient travelling, will rebook
A12: BK-107 | B12: 46289 | C12: 9:00 AM - 10:00 AM | D12: Mrs. Kavita Shah | E12: Wound care | F12: Nurse Sunita Rao | G12: Nurse | H12: Confirmed | I12: +91 90xxxxxx12 | J12: Bandra East
A13: BK-108 | B13: 46290 | C13: 2:30 PM - 3:30 PM | D13: Mr. Arvind Deshmukh | E13: Elderly care visit | F13: Nurse Sunita Rao | G13: Nurse | H13: Pending | I13: +91 90xxxxxx16 | J13: Khar | K13: First-time enquiry, awaiting confirmation
A14: BK-109 | B14: 46290 | C14: 10:00 AM - 11:00 AM | D14: Baby of Mrs. Sneha Rao | E14: Newborn check | F14: Nurse Meera Joshi | G14: Nurse | H14: Confirmed | I14: +91 90xxxxxx13 | J14: Powai
A15: BK-110 | B15: 46291 | C15: 9:00 AM - 10:00 AM | D15: Mrs. Leela Menon | E15: General checkup | F15: Dr. Ramesh Iyer | G15: Doctor | H15: Confirmed | I15: +91 90xxxxxx15 | J15: Juhu | K15: Saturday morning slot
A16: BK-111 | B16: 46289 | C16: 11am | D16: prashna | E16: general check | F16: dr ramesh iyer | G16: doctor | H16: Confirmed | I16: 9741831772 | J16: gothatar | K16: no
A17: BK-112 | B17: 46293 | C17: 10:00 AM - 11:00 AM | D17: reena | E17: General Checkup | F17: Dr. Ramesh Iyer | G17: Doctor | H17: Confirmed | I17: 9741831772 | K17: Approved by prashna
A18: BK-113 | B18: 46321 | C18: 2:00 PM - 3:00 PM | D18: Prashna | E18: mumbai general checkup | F18: Dr. Priya Nair | G18: Doctor | H18: Confirmed | I18: 9741831772 | J18: adress:andheri | K18: mumbai | Approved by Coordinator_Prashna
A19: BK-114 | B19: 46321 | C19: 3:00 PM - 4:00 PM | D19: Prashna KC | E19: consultation | F19: Dr. Priya Nair | G19: Doctor | H19: Confirmed | I19: 9741831772 | J19: gatkopar | K19: Staged via Patient Chat | Approved by Coordinator_Prashna

Sheet Weekly Summary
B2: Saathi Sneha Care — Weekly Booking Summary
B3: Auto-counts bookings per staff member from the Bookings Calendar tab.
A5: Staff Name | B5: Role | C5: Confirmed | D5: Pending | E5: Cancelled | F5: Total
A6: Dr. Ramesh Iyer | B6: Doctor | C6: =COUNTIFS('Bookings Calendar'!$F$6:$F$15,A6,'Bookings Calendar'!$H$6:$H$15,"Confirmed") | D6: =COUNTIFS('Bookings Calendar'!$F$6:$F$15,A6,'Bookings Calendar'!$H$6:$H$15,"Pending") | E6: =COUNTIFS('Bookings Calendar'!$F$6:$F$15,A6,'Bookings Calendar'!$H$6:$H$15,"Cancelled") | F6: =SUM(C6:E6)
A7: Dr. Priya Nair | B7: Doctor | C7: =COUNTIFS('Bookings Calendar'!$F$6:$F$15,A7,'Bookings Calendar'!$H$6:$H$15,"Confirmed") | D7: =COUNTIFS('Bookings Calendar'!$F$6:$F$15,A7,'Bookings Calendar'!$H$6:$H$15,"Pending") | E7: =COUNTIFS('Bookings Calendar'!$F$6:$F$15,A7,'Bookings Calendar'!$H$6:$H$15,"Cancelled") | F7: =SUM(C7:E7)
A8: Nurse Anjali Fernandes | B8: Nurse | C8: =COUNTIFS('Bookings Calendar'!$F$6:$F$15,A8,'Bookings Calendar'!$H$6:$H$15,"Confirmed") | D8: =COUNTIFS('Bookings Calendar'!$F$6:$F$15,A8,'Bookings Calendar'!$H$6:$H$15,"Pending") | E8: =COUNTIFS('Bookings Calendar'!$F$6:$F$15,A8,'Bookings Calendar'!$H$6:$H$15,"Cancelled") | F8: =SUM(C8:E8)
A9: Nurse Sunita Rao | B9: Nurse | C9: =COUNTIFS('Bookings Calendar'!$F$6:$F$15,A9,'Bookings Calendar'!$H$6:$H$15,"Confirmed") | D9: =COUNTIFS('Bookings Calendar'!$F$6:$F$15,A9,'Bookings Calendar'!$H$6:$H$15,"Pending") | E9: =COUNTIFS('Bookings Calendar'!$F$6:$F$15,A9,'Bookings Calendar'!$H$6:$H$15,"Cancelled") | F9: =SUM(C9:E9)
A10: Nurse Meera Joshi | B10: Nurse | C10: =COUNTIFS('Bookings Calendar'!$F$6:$F$15,A10,'Bookings Calendar'!$H$6:$H$15,"Confirmed") | D10: =COUNTIFS('Bookings Calendar'!$F$6:$F$15,A10,'Bookings Calendar'!$H$6:$H$15,"Pending") | E10: =COUNTIFS('Bookings Calendar'!$F$6:$F$15,A10,'Bookings Calendar'!$H$6:$H$15,"Cancelled") | F10: =SUM(C10:E10)
A11: Total | C11: =SUM(C6:C10) | D11: =SUM(D6:D10) | E11: =SUM(E6:E10) | F11: =SUM(F6:F10)
